source_row_id,residue_seq,residue_name,atom_name,atom_type,shift_value,shift_error,ambiguity_code
1,1,VAL,CA,C,61.48,0.1,1
2,1,VAL,HA,H,3.89,0.02,1
3,1,VAL,CB,C,27.39,0.1,1
4,1,VAL,HB,H,2.08,0.02,1
5,1,VAL,HG2,H,0.74,0.02,1
6,1,VAL,HG1,H,0.90,0.02,1
7,2,ILE,H,H,8.93,0.02,1
8,2,ILE,CA,C,59.96,0.1,1
9,2,ILE,HA,H,4.39,0.02,1
10,2,ILE,CB,C,40.28,0.1,1
11,2,ILE,HB,H,1.66,0.02,1
12,2,ILE,HG13,H,1.41,0.02,1
13,2,ILE,HG12,H,1.41,0.02,1
14,2,ILE,HD1,H,1.05,0.02,1
15,2,ILE,HG2,H,0.86,0.02,1
16,3,HIS,H,H,9.11,0.02,1
17,3,HIS,CA,C,56.48,0.1,1
18,3,HIS,HA,H,4.79,0.02,1
19,3,HIS,CB,C,30.08,0.1,1
20,3,HIS,HB3,H,3.08,0.02,1
21,3,HIS,HB2,H,3.08,0.02,1
22,3,HIS,HD2,H,7.30,0.02,1
23,3,HIS,HE1,H,8.64,0.02,1
24,5,ASP,CA,C,52.82,0.1,1
25,5,ASP,HA,H,4.26,0.02,1
26,5,ASP,CB,C,40.66,0.1,1
27,5,ASP,HB3,H,3.16,0.02,2
28,5,ASP,HB2,H,2.94,0.02,2
29,6,ALA,H,H,8.41,0.02,1
30,6,ALA,CA,C,54.71,0.1,1
31,6,ALA,HA,H,4.06,0.02,1
32,6,ALA,CB,C,18.52,0.1,1
33,6,ALA,HB,H,1.40,0.02,1
34,7,ALA,H,H,7.85,0.02,1
35,7,ALA,CA,C,52.01,0.1,1
36,7,ALA,HA,H,4.53,0.02,1
37,7,ALA,CB,C,20.96,0.1,1
38,7,ALA,HB,H,1.45,0.02,1
39,8,THR,H,H,7.90,0.02,1
40,8,THR,CA,C,63.42,0.1,1
41,8,THR,HA,H,4.32,0.02,1
42,8,THR,CB,C,69.75,0.1,1
43,8,THR,HB,H,3.63,0.02,1
44,8,THR,HG2,H,1.07,0.02,1
45,9,ILE,H,H,8.56,0.02,1
46,9,ILE,CA,C,59.80,0.1,1
47,9,ILE,HA,H,4.63,0.02,1
48,9,ILE,CB,C,39.73,0.1,1
49,9,ILE,HB,H,1.55,0.02,1
50,9,ILE,HG13,H,1.32,0.02,1
51,9,ILE,HG12,H,1.32,0.02,1
52,9,ILE,HD1,H,0.72,0.02,1
53,9,ILE,HG2,H,0.53,0.02,1
54,10,CYS,H,H,8.95,0.02,1
55,10,CYS,HA,H,5.25,0.02,1
56,10,CYS,CB,C,38.29,0.1,1
57,10,CYS,HB3,H,3.67,0.02,2
58,10,CYS,HB2,H,2.09,0.02,2
59,11,PRO,CA,C,62.30,0.1,1
60,11,PRO,HA,H,4.45,0.02,1
61,11,PRO,CB,C,32.66,0.1,1
62,11,PRO,HB3,H,2.30,0.02,2
63,11,PRO,HB2,H,1.94,0.02,2
64,11,PRO,HG3,H,2.01,0.02,2
65,11,PRO,HG2,H,1.94,0.02,2
66,11,PRO,HD3,H,3.85,0.02,1
67,11,PRO,HD2,H,3.76,0.02,1
68,12,ASP,H,H,8.73,0.02,1
69,12,ASP,CA,C,56.23,0.1,1
70,12,ASP,HA,H,4.43,0.02,1
71,12,ASP,CB,C,40.55,0.1,1
72,12,ASP,HB3,H,2.74,0.02,1
73,12,ASP,HB2,H,2.60,0.02,1
74,13,GLY,H,H,9.03,0.02,1
75,13,GLY,CA,C,45.06,0.1,1
76,13,GLY,HA3,H,4.21,0.02,2
77,13,GLY,HA2,H,3.59,0.02,2
78,14,THR,H,H,7.74,0.02,1
79,14,THR,CA,C,60.10,0.1,1
80,14,THR,HA,H,4.95,0.02,1
81,14,THR,CB,C,72.56,0.1,1
82,14,THR,HB,H,3.80,0.02,1
83,14,THR,HG2,H,0.89,0.02,1
84,15,THR,H,H,8.81,0.02,1
85,15,THR,CA,C,60.11,0.1,1
86,15,THR,HA,H,4.56,0.02,1
87,15,THR,CB,C,71.38,0.1,1
88,15,THR,HB,H,3.90,0.02,1
89,15,THR,HG2,H,1.10,0.02,1
90,16,CYS,H,H,8.60,0.02,1
91,16,CYS,CA,C,57.49,0.1,1
92,16,CYS,HA,H,4.85,0.02,1
93,16,CYS,CB,C,41.48,0.1,1
94,16,CYS,HB3,H,3.04,0.02,2
95,16,CYS,HB2,H,2.94,0.02,2
96,17,SER,H,H,9.39,0.02,1
97,17,SER,CA,C,57.65,0.1,1
98,17,SER,HA,H,4.82,0.02,1
99,17,SER,CB,C,65.62,0.1,1
100,17,SER,HB3,H,3.43,0.02,2
101,17,SER,HB2,H,2.80,0.02,2
102,18,LEU,H,H,8.47,0.02,1
103,18,LEU,CA,C,53.75,0.1,1
104,18,LEU,HA,H,4.12,0.02,1
105,18,LEU,CB,C,42.71,0.1,1
106,18,LEU,HB3,H,-0.32,0.02,2
107,18,LEU,HB2,H,1.21,0.02,2
108,18,LEU,HG,H,0.92,0.02,1
109,18,LEU,HD1,H,0.19,0.02,1
110,18,LEU,HD2,H,-0.31,0.02,1
111,19,SER,H,H,9.23,0.02,1
112,19,SER,CA,C,56.72,0.1,1
113,19,SER,HA,H,4.95,0.02,1
114,19,SER,CB,C,63.51,0.1,1
115,19,SER,HB3,H,4.48,0.02,2
116,19,SER,HB2,H,4.15,0.02,2
117,20,PRO,CA,C,64.44,0.1,1
118,20,PRO,HA,H,4.31,0.02,1
119,20,PRO,CB,C,31.60,0.1,1
120,20,PRO,HB3,H,2.24,0.02,1
121,20,PRO,HB2,H,1.26,0.02,1
122,20,PRO,HG3,H,1.95,0.02,2
123,20,PRO,HG2,H,1.88,0.02,2
124,20,PRO,HD3,H,3.98,0.02,1
125,20,PRO,HD2,H,3.66,0.02,1
126,21,TYR,H,H,7.37,0.02,1
127,21,TYR,CA,C,56.36,0.1,1
128,21,TYR,HA,H,4.65,0.02,1
129,21,TYR,CB,C,37.90,0.1,1
130,21,TYR,HB3,H,3.41,0.02,2
131,21,TYR,HB2,H,2.55,0.02,2
132,21,TYR,HD1,H,7.11,0.02,1
133,21,TYR,HE1,H,6.85,0.02,1
134,21,TYR,HE2,H,6.85,0.02,1
135,21,TYR,HD2,H,7.11,0.02,1
136,22,GLY,H,H,8.00,0.02,1
137,22,GLY,CA,C,46.21,0.1,1
138,22,GLY,HA3,H,4.05,0.02,2
139,22,GLY,HA2,H,3.42,0.02,2
140,23,VAL,H,H,7.19,0.02,1
141,23,VAL,CA,C,60.64,0.1,1
142,23,VAL,HA,H,4.23,0.02,1
143,23,VAL,CB,C,27.66,0.1,1
144,23,VAL,HB,H,1.94,0.02,1
145,23,VAL,HG2,H,0.84,0.02,1
146,23,VAL,HG1,H,0.99,0.02,1
147,24,TRP,H,H,8.67,0.02,1
148,24,TRP,CA,C,57.33,0.1,1
149,24,TRP,HA,H,5.28,0.02,1
150,24,TRP,CB,C,30.63,0.1,1
151,24,TRP,HB3,H,3.09,0.02,1
152,24,TRP,HB2,H,3.09,0.02,1
153,24,TRP,HD1,H,7.33,0.02,1
154,24,TRP,HE1,H,10.07,0.02,1
155,24,TRP,HZ2,H,7.47,0.02,1
156,24,TRP,HH2,H,7.20,0.02,1
157,24,TRP,HZ3,H,6.79,0.02,1
158,24,TRP,HE3,H,7.44,0.02,1
159,25,TYR,H,H,9.84,0.02,1
160,25,TYR,CA,C,55.91,0.1,1
161,25,TYR,HA,H,5.11,0.02,1
162,25,TYR,HB3,H,3.05,0.02,1
163,25,TYR,HB2,H,3.05,0.02,1
164,25,TYR,HD1,H,7.13,0.02,1
165,25,TYR,HE1,H,6.57,0.02,1
166,25,TYR,HE2,H,6.57,0.02,1
167,25,TYR,HD2,H,7.13,0.02,1
168,26,CYS,H,H,8.71,0.02,1
169,26,CYS,HA,H,5.26,0.02,1
170,26,CYS,CB,C,38.59,0.1,1
171,26,CYS,HB3,H,3.13,0.02,2
172,26,CYS,HB2,H,2.85,0.02,2
173,27,SER,H,H,9.28,0.02,1
174,27,SER,CA,C,55.47,0.1,1
175,27,SER,HA,H,5.01,0.02,1
176,27,SER,CB,C,64.63,0.1,1
177,27,SER,HB3,H,3.83,0.02,2
178,27,SER,HB2,H,3.73,0.02,2
179,28,PRO,CA,C,63.34,0.1,1
180,28,PRO,HA,H,4.61,0.02,1
181,28,PRO,CB,C,32.20,0.1,1
182,28,PRO,HB3,H,2.31,0.02,2
183,28,PRO,HB2,H,2.01,0.02,2
184,28,PRO,HG3,H,2.01,0.02,2
185,28,PRO,HG2,H,1.94,0.02,2
186,28,PRO,HD3,H,3.99,0.02,2
187,28,PRO,HD2,H,3.83,0.02,2
188,29,PHE,H,H,8.13,0.02,1
189,29,PHE,CA,C,57.77,0.1,1
190,29,PHE,HA,H,4.66,0.02,1
191,29,PHE,CB,C,39.94,0.1,1
192,29,PHE,HB3,H,3.07,0.02,2
193,29,PHE,HB2,H,3.02,0.02,2
194,29,PHE,HD1,H,7.21,0.02,1
195,29,PHE,HE1,H,7.30,0.02,1
196,29,PHE,HZ,H,7.23,0.02,1
197,29,PHE,HE2,H,7.30,0.02,1
198,29,PHE,HD2,H,7.21,0.02,1
199,30,SER,H,H,8.18,0.02,1
200,30,SER,CA,C,59.82,0.1,1
201,30,SER,HA,H,4.31,0.02,1
202,30,SER,CB,C,65.04,0.1,1
203,30,SER,HB3,H,3.86,0.02,2
204,30,SER,HB2,H,3.80,0.02,2
