atom_index,residue_three_letter,residue_position,chain_id,atom_name
0,ILE,1,A,N
1,ILE,1,A,H1
2,ILE,1,A,H2
3,ILE,1,A,H3
4,ILE,1,A,CA
5,ILE,1,A,HA
6,ILE,1,A,CB
7,ILE,1,A,HB
8,ILE,1,A,CG2
9,ILE,1,A,HG21
10,ILE,1,A,HG22
11,ILE,1,A,HG23
12,ILE,1,A,CG1
13,ILE,1,A,HG12
14,ILE,1,A,HG13
15,ILE,1,A,CD1
16,ILE,1,A,HD11
17,ILE,1,A,HD12
18,ILE,1,A,HD13
19,ILE,1,A,C
20,ILE,1,A,O
21,ILE,2,A,N
22,ILE,2,A,H
23,ILE,2,A,CA
24,ILE,2,A,HA
25,ILE,2,A,CB
26,ILE,2,A,HB
27,ILE,2,A,CG2
28,ILE,2,A,HG21
29,ILE,2,A,HG22
30,ILE,2,A,HG23
31,ILE,2,A,CG1
32,ILE,2,A,HG12
33,ILE,2,A,HG13
34,ILE,2,A,CD1
35,ILE,2,A,HD11
36,ILE,2,A,HD12
37,ILE,2,A,HD13
38,ILE,2,A,C
39,ILE,2,A,O
40,GLY,3,A,N
41,GLY,3,A,H
42,GLY,3,A,CA
43,GLY,3,A,HA2
44,GLY,3,A,HA3
45,GLY,3,A,C
46,GLY,3,A,O
47,GLY,4,A,N
48,GLY,4,A,H
49,GLY,4,A,CA
50,GLY,4,A,HA2
51,GLY,4,A,HA3
52,GLY,4,A,C
53,GLY,4,A,O
54,TYR,5,A,N
55,TYR,5,A,H
56,TYR,5,A,CA
57,TYR,5,A,HA
58,TYR,5,A,CB
59,TYR,5,A,HB2
60,TYR,5,A,HB3
61,TYR,5,A,CG
62,TYR,5,A,CD1
63,TYR,5,A,HD1
64,TYR,5,A,CE1
65,TYR,5,A,HE1
66,TYR,5,A,CZ
67,TYR,5,A,OH
68,TYR,5,A,HH
69,TYR,5,A,CE2
70,TYR,5,A,HE2
71,TYR,5,A,CD2
72,TYR,5,A,HD2
73,TYR,5,A,C
74,TYR,5,A,O
75,GLU,6,A,N
76,GLU,6,A,H
77,GLU,6,A,CA
78,GLU,6,A,HA
79,GLU,6,A,CB
80,GLU,6,A,HB2
81,GLU,6,A,HB3
82,GLU,6,A,CG
83,GLU,6,A,HG2
84,GLU,6,A,HG3
85,GLU,6,A,CD
86,GLU,6,A,OE1
87,GLU,6,A,OE2
88,GLU,6,A,C
89,GLU,6,A,O
90,CYS,7,A,N
91,CYS,7,A,H
92,CYS,7,A,CA
93,CYS,7,A,HA
94,CYS,7,A,CB
95,CYS,7,A,HB2
96,CYS,7,A,HB3
97,CYS,7,A,SG
98,CYS,7,A,HG
99,CYS,7,A,C
100,CYS,7,A,O
101,LYS,8,A,N
102,LYS,8,A,H
103,LYS,8,A,CA
104,LYS,8,A,HA
105,LYS,8,A,CB
106,LYS,8,A,HB2
107,LYS,8,A,HB3
108,LYS,8,A,CG
109,LYS,8,A,HG2
110,LYS,8,A,HG3
111,LYS,8,A,CD
112,LYS,8,A,HD2
113,LYS,8,A,HD3
114,LYS,8,A,CE
115,LYS,8,A,HE2
116,LYS,8,A,HE3
117,LYS,8,A,NZ
118,LYS,8,A,HZ1
119,LYS,8,A,HZ2
120,LYS,8,A,HZ3
121,LYS,8,A,C
122,LYS,8,A,O
123,PRO,9,A,N
124,PRO,9,A,CD
125,PRO,9,A,HD2
126,PRO,9,A,HD3
127,PRO,9,A,CG
128,PRO,9,A,HG2
129,PRO,9,A,HG3
130,PRO,9,A,CB
131,PRO,9,A,HB2
132,PRO,9,A,HB3
133,PRO,9,A,CA
134,PRO,9,A,HA
135,PRO,9,A,C
136,PRO,9,A,O
137,HIS,10,A,N
138,HIS,10,A,H
139,HIS,10,A,CA
140,HIS,10,A,HA
141,HIS,10,A,CB
142,HIS,10,A,HB2
143,HIS,10,A,HB3
144,HIS,10,A,CG
145,HIS,10,A,ND1
146,HIS,10,A,CE1
147,HIS,10,A,HE1
148,HIS,10,A,NE2
149,HIS,10,A,HE2
150,HIS,10,A,CD2
151,HIS,10,A,HD2
152,HIS,10,A,C
153,HIS,10,A,O
154,SER,11,A,N
155,SER,11,A,H
156,SER,11,A,CA
157,SER,11,A,HA
158,SER,11,A,CB
159,SER,11,A,HB2
160,SER,11,A,HB3
161,SER,11,A,OG
162,SER,11,A,HG
163,SER,11,A,C
164,SER,11,A,O
165,GLN,12,A,N
166,GLN,12,A,H
167,GLN,12,A,CA
168,GLN,12,A,HA
169,GLN,12,A,CB
170,GLN,12,A,HB2
171,GLN,12,A,HB3
172,GLN,12,A,CG
173,GLN,12,A,HG2
174,GLN,12,A,HG3
175,GLN,12,A,CD
176,GLN,12,A,OE1
177,GLN,12,A,NE2
178,GLN,12,A,HE21
179,GLN,12,A,HE22
180,GLN,12,A,C
181,GLN,12,A,O
182,PRO,13,A,N
183,PRO,13,A,CD
184,PRO,13,A,HD2
185,PRO,13,A,HD3
186,PRO,13,A,CG
187,PRO,13,A,HG2
188,PRO,13,A,HG3
189,PRO,13,A,CB
190,PRO,13,A,HB2
191,PRO,13,A,HB3
192,PRO,13,A,CA
193,PRO,13,A,HA
194,PRO,13,A,C
195,PRO,13,A,O
196,TRP,14,A,N
197,TRP,14,A,H
198,TRP,14,A,CA
199,TRP,14,A,HA
200,TRP,14,A,CB
201,TRP,14,A,HB2
202,TRP,14,A,HB3
203,TRP,14,A,CG
204,TRP,14,A,CD1
205,TRP,14,A,HD1
206,TRP,14,A,NE1
207,TRP,14,A,HE1
208,TRP,14,A,CE2
209,TRP,14,A,CZ2
210,TRP,14,A,HZ2
211,TRP,14,A,CH2
212,TRP,14,A,HH2
213,TRP,14,A,CZ3
214,TRP,14,A,HZ3
215,TRP,14,A,CE3
216,TRP,14,A,HE3
217,TRP,14,A,CD2
218,TRP,14,A,C
219,TRP,14,A,O
220,GLN,15,A,N
221,GLN,15,A,H
222,GLN,15,A,CA
223,GLN,15,A,HA
224,GLN,15,A,CB
225,GLN,15,A,HB2
226,GLN,15,A,HB3
227,GLN,15,A,CG
228,GLN,15,A,HG2
229,GLN,15,A,HG3
230,GLN,15,A,CD
231,GLN,15,A,OE1
232,GLN,15,A,NE2
233,GLN,15,A,HE21
234,GLN,15,A,HE22
235,GLN,15,A,C
236,GLN,15,A,O
237,ALA,16,A,N
238,ALA,16,A,H
239,ALA,16,A,CA
240,ALA,16,A,HA
241,ALA,16,A,CB
242,ALA,16,A,HB1
243,ALA,16,A,HB2
244,ALA,16,A,HB3
245,ALA,16,A,C
246,ALA,16,A,O
247,PHE,17,A,N
248,PHE,17,A,H
249,PHE,17,A,CA
250,PHE,17,A,HA
251,PHE,17,A,CB
252,PHE,17,A,HB2
253,PHE,17,A,HB3
254,PHE,17,A,CG
255,PHE,17,A,CD1
256,PHE,17,A,HD1
257,PHE,17,A,CE1
258,PHE,17,A,HE1
259,PHE,17,A,CZ
260,PHE,17,A,HZ
261,PHE,17,A,CE2
262,PHE,17,A,HE2
263,PHE,17,A,CD2
264,PHE,17,A,HD2
265,PHE,17,A,C
266,PHE,17,A,O
267,LEU,18,A,N
268,LEU,18,A,H
269,LEU,18,A,CA
270,LEU,18,A,HA
271,LEU,18,A,CB
272,LEU,18,A,HB2
273,LEU,18,A,HB3
274,LEU,18,A,CG
275,LEU,18,A,HG
276,LEU,18,A,CD1
277,LEU,18,A,HD11
278,LEU,18,A,HD12
279,LEU,18,A,HD13
280,LEU,18,A,CD2
281,LEU,18,A,HD21
282,LEU,18,A,HD22
283,LEU,18,A,HD23
284,LEU,18,A,C
285,LEU,18,A,O
286,VAL,19,A,N
287,VAL,19,A,H
288,VAL,19,A,CA
289,VAL,19,A,HA
290,VAL,19,A,CB
291,VAL,19,A,HB
292,VAL,19,A,CG1
293,VAL,19,A,HG11
294,VAL,19,A,HG12
295,VAL,19,A,HG13
296,VAL,19,A,CG2
297,VAL,19,A,HG21
298,VAL,19,A,HG22
299,VAL,19,A,HG23
300,VAL,19,A,C
301,VAL,19,A,O
302,ASP,20,A,N
303,ASP,20,A,H
304,ASP,20,A,CA
305,ASP,20,A,HA
306,ASP,20,A,CB
307,ASP,20,A,HB2
308,ASP,20,A,HB3
309,ASP,20,A,CG
310,ASP,20,A,OD1
311,ASP,20,A,OD2
312,ASP,20,A,C
313,ASP,20,A,O
314,ASN,21,A,N
315,ASN,21,A,H
316,ASN,21,A,CA
317,ASN,21,A,HA
318,ASN,21,A,CB
319,ASN,21,A,HB2
320,ASN,21,A,HB3
321,ASN,21,A,CG
322,ASN,21,A,OD1
323,ASN,21,A,ND2
324,ASN,21,A,HD21
325,ASN,21,A,HD22
326,ASN,21,A,C
327,ASN,21,A,O
328,LYS,22,A,N
329,LYS,22,A,H
330,LYS,22,A,CA
331,LYS,22,A,HA
332,LYS,22,A,CB
333,LYS,22,A,HB2
334,LYS,22,A,HB3
335,LYS,22,A,CG
336,LYS,22,A,HG2
337,LYS,22,A,HG3
338,LYS,22,A,CD
339,LYS,22,A,HD2
340,LYS,22,A,HD3
341,LYS,22,A,CE
342,LYS,22,A,HE2
343,LYS,22,A,HE3
344,LYS,22,A,NZ
345,LYS,22,A,HZ1
346,LYS,22,A,HZ2
347,LYS,22,A,HZ3
348,LYS,22,A,C
349,LYS,22,A,O
350,LYS,22,A,OXT
