source_row_id,residue_seq,residue_name,atom_name,atom_type,isotope,shift_value,shift_error,ambiguity_code,auth_residue_seq,auth_residue_name,auth_atom_name,details,saveframe
1,1,THR,HA,H,1,3.93,.,1,.,.,.,.,chemical_shift_assignment_data_set_one
2,1,THR,HB,H,1,4.12,.,1,.,.,.,.,chemical_shift_assignment_data_set_one
3,1,THR,HG21,H,1,1.23,.,1,.,.,.,.,chemical_shift_assignment_data_set_one
4,1,THR,HG22,H,1,1.23,.,1,.,.,.,.,chemical_shift_assignment_data_set_one
5,1,THR,HG23,H,1,1.23,.,1,.,.,.,.,chemical_shift_assignment_data_set_one
6,2,GLN,H,H,1,9.19,.,1,.,.,.,.,chemical_shift_assignment_data_set_one
7,2,GLN,HA,H,1,4.76,.,1,.,.,.,.,chemical_shift_assignment_data_set_one
8,2,GLN,HB2,H,1,1.83,.,2,.,.,.,.,chemical_shift_assignment_data_set_one
9,2,GLN,HB3,H,1,1.9,.,2,.,.,.,.,chemical_shift_assignment_data_set_one
10,2,GLN,HG2,H,1,2.23,.,2,.,.,.,.,chemical_shift_assignment_data_set_one
11,2,GLN,HG3,H,1,2.63,.,2,.,.,.,.,chemical_shift_assignment_data_set_one
12,3,SER,H,H,1,8.78,.,1,.,.,.,.,chemical_shift_assignment_data_set_one
13,3,SER,HA,H,1,4.4,.,1,.,.,.,.,chemical_shift_assignment_data_set_one
14,3,SER,HB2,H,1,3.88,.,2,.,.,.,.,chemical_shift_assignment_data_set_one
15,3,SER,HB3,H,1,3.94,.,2,.,.,.,.,chemical_shift_assignment_data_set_one
16,4,HIS,H,H,1,8.73,.,1,.,.,.,.,chemical_shift_assignment_data_set_one
17,4,HIS,HA,H,1,4.08,.,1,.,.,.,.,chemical_shift_assignment_data_set_one
18,4,HIS,HB2,H,1,2.95,.,1,.,.,.,.,chemical_shift_assignment_data_set_one
19,4,HIS,HB3,H,1,3.1,.,1,.,.,.,.,chemical_shift_assignment_data_set_one
20,4,HIS,HD2,H,1,6.82,.,1,.,.,.,.,chemical_shift_assignment_data_set_one
21,4,HIS,HE1,H,1,8.56,.,1,.,.,.,.,chemical_shift_assignment_data_set_one
22,5,TYR,H,H,1,9.31,.,1,.,.,.,.,chemical_shift_assignment_data_set_one
23,5,TYR,HA,H,1,4.09,.,1,.,.,.,.,chemical_shift_assignment_data_set_one
24,5,TYR,HB2,H,1,3.25,.,1,.,.,.,.,chemical_shift_assignment_data_set_one
25,5,TYR,HB3,H,1,3.06,.,1,.,.,.,.,chemical_shift_assignment_data_set_one
26,5,TYR,HD1,H,1,6.8,.,1,.,.,.,.,chemical_shift_assignment_data_set_one
27,5,TYR,HD2,H,1,6.8,.,1,.,.,.,.,chemical_shift_assignment_data_set_one
28,5,TYR,HE1,H,1,6.47,.,1,.,.,.,.,chemical_shift_assignment_data_set_one
29,5,TYR,HE2,H,1,6.47,.,1,.,.,.,.,chemical_shift_assignment_data_set_one
30,6,GLY,H,H,1,8.8,.,1,.,.,.,.,chemical_shift_assignment_data_set_one
31,6,GLY,HA2,H,1,4.23,.,1,.,.,.,.,chemical_shift_assignment_data_set_one
32,6,GLY,HA3,H,1,3.52,.,1,.,.,.,.,chemical_shift_assignment_data_set_one
33,7,GLN,H,H,1,8.65,.,1,.,.,.,.,chemical_shift_assignment_data_set_one
34,7,GLN,HA,H,1,4.28,.,1,.,.,.,.,chemical_shift_assignment_data_set_one
35,7,GLN,HB2,H,1,2.07,.,1,.,.,.,.,chemical_shift_assignment_data_set_one
36,7,GLN,HB3,H,1,1.69,.,1,.,.,.,.,chemical_shift_assignment_data_set_one
37,7,GLN,HG2,H,1,1.05,.,2,.,.,.,.,chemical_shift_assignment_data_set_one
38,7,GLN,HG3,H,1,2.28,.,2,.,.,.,.,chemical_shift_assignment_data_set_one
39,7,GLN,HE21,H,1,7.16,.,2,.,.,.,.,chemical_shift_assignment_data_set_one
40,7,GLN,HE22,H,1,6.98,.,2,.,.,.,.,chemical_shift_assignment_data_set_one
41,8,CYS,H,H,1,7.95,.,1,.,.,.,.,chemical_shift_assignment_data_set_one
42,8,CYS,HA,H,1,5.2,.,1,.,.,.,.,chemical_shift_assignment_data_set_one
43,8,CYS,HB2,H,1,3.47,.,1,.,.,.,.,chemical_shift_assignment_data_set_one
44,8,CYS,HB3,H,1,2.82,.,1,.,.,.,.,chemical_shift_assignment_data_set_one
45,9,GLY,H,H,1,6.67,.,1,.,.,.,.,chemical_shift_assignment_data_set_one
46,9,GLY,HA2,H,1,3.83,.,2,.,.,.,.,chemical_shift_assignment_data_set_one
47,9,GLY,HA3,H,1,4.24,.,2,.,.,.,.,chemical_shift_assignment_data_set_one
48,10,GLY,H,H,1,8.61,.,1,.,.,.,.,chemical_shift_assignment_data_set_one
49,10,GLY,HA2,H,1,3.83,.,1,.,.,.,.,chemical_shift_assignment_data_set_one
50,10,GLY,HA3,H,1,4.32,.,1,.,.,.,.,chemical_shift_assignment_data_set_one
51,11,ILE,H,H,1,8.4,.,1,.,.,.,.,chemical_shift_assignment_data_set_one
52,11,ILE,HA,H,1,3.8,.,1,.,.,.,.,chemical_shift_assignment_data_set_one
53,11,ILE,HB,H,1,1.27,.,1,.,.,.,.,chemical_shift_assignment_data_set_one
54,11,ILE,HG12,H,1,.97,.,2,.,.,.,.,chemical_shift_assignment_data_set_one
55,11,ILE,HG13,H,1,1.5,.,2,.,.,.,.,chemical_shift_assignment_data_set_one
56,11,ILE,HG21,H,1,.9,.,1,.,.,.,.,chemical_shift_assignment_data_set_one
57,11,ILE,HG22,H,1,.9,.,1,.,.,.,.,chemical_shift_assignment_data_set_one
58,11,ILE,HG23,H,1,.9,.,1,.,.,.,.,chemical_shift_assignment_data_set_one
59,11,ILE,HD11,H,1,.48,.,1,.,.,.,.,chemical_shift_assignment_data_set_one
60,11,ILE,HD12,H,1,.48,.,1,.,.,.,.,chemical_shift_assignment_data_set_one
61,11,ILE,HD13,H,1,.48,.,1,.,.,.,.,chemical_shift_assignment_data_set_one
62,12,GLY,H,H,1,9.06,.,1,.,.,.,.,chemical_shift_assignment_data_set_one
63,12,GLY,HA2,H,1,3.76,.,1,.,.,.,.,chemical_shift_assignment_data_set_one
64,12,GLY,HA3,H,1,4.32,.,1,.,.,.,.,chemical_shift_assignment_data_set_one
65,13,TYR,H,H,1,7.96,.,1,.,.,.,.,chemical_shift_assignment_data_set_one
66,13,TYR,HA,H,1,4.64,.,1,.,.,.,.,chemical_shift_assignment_data_set_one
67,13,TYR,HB2,H,1,2.82,.,1,.,.,.,.,chemical_shift_assignment_data_set_one
68,13,TYR,HB3,H,1,2.91,.,1,.,.,.,.,chemical_shift_assignment_data_set_one
69,13,TYR,HD1,H,1,6.92,.,1,.,.,.,.,chemical_shift_assignment_data_set_one
70,13,TYR,HD2,H,1,6.92,.,1,.,.,.,.,chemical_shift_assignment_data_set_one
71,13,TYR,HE1,H,1,6.49,.,1,.,.,.,.,chemical_shift_assignment_data_set_one
72,13,TYR,HE2,H,1,6.49,.,1,.,.,.,.,chemical_shift_assignment_data_set_one
73,13,TYR,HH,H,1,9.01,.,1,.,.,.,.,chemical_shift_assignment_data_set_one
74,14,SER,H,H,1,8.43,.,1,.,.,.,.,chemical_shift_assignment_data_set_one
75,14,SER,HA,H,1,4.52,.,1,.,.,.,.,chemical_shift_assignment_data_set_one
76,14,SER,HB2,H,1,3.79,.,1,.,.,.,.,chemical_shift_assignment_data_set_one
77,14,SER,HB3,H,1,3.64,.,1,.,.,.,.,chemical_shift_assignment_data_set_one
78,15,GLY,H,H,1,5.16,.,1,.,.,.,.,chemical_shift_assignment_data_set_one
79,15,GLY,HA2,H,1,4.06,.,1,.,.,.,.,chemical_shift_assignment_data_set_one
80,15,GLY,HA3,H,1,3.63,.,1,.,.,.,.,chemical_shift_assignment_data_set_one
81,16,PRO,HA,H,1,4.5,.,1,.,.,.,.,chemical_shift_assignment_data_set_one
82,16,PRO,HB2,H,1,1.8,.,1,.,.,.,.,chemical_shift_assignment_data_set_one
83,16,PRO,HB3,H,1,2.37,.,1,.,.,.,.,chemical_shift_assignment_data_set_one
84,16,PRO,HG2,H,1,2.02,.,2,.,.,.,.,chemical_shift_assignment_data_set_one
85,16,PRO,HG3,H,1,2.06,.,2,.,.,.,.,chemical_shift_assignment_data_set_one
86,16,PRO,HD2,H,1,3.53,.,2,.,.,.,.,chemical_shift_assignment_data_set_one
87,16,PRO,HD3,H,1,3.66,.,2,.,.,.,.,chemical_shift_assignment_data_set_one
88,17,THR,H,H,1,8.43,.,1,.,.,.,.,chemical_shift_assignment_data_set_one
89,17,THR,HA,H,1,4.74,.,1,.,.,.,.,chemical_shift_assignment_data_set_one
90,17,THR,HB,H,1,4.62,.,1,.,.,.,.,chemical_shift_assignment_data_set_one
91,17,THR,HG21,H,1,1.32,.,1,.,.,.,.,chemical_shift_assignment_data_set_one
92,17,THR,HG22,H,1,1.32,.,1,.,.,.,.,chemical_shift_assignment_data_set_one
93,17,THR,HG23,H,1,1.32,.,1,.,.,.,.,chemical_shift_assignment_data_set_one
94,18,VAL,H,H,1,7.18,.,1,.,.,.,.,chemical_shift_assignment_data_set_one
95,18,VAL,HA,H,1,4.12,.,1,.,.,.,.,chemical_shift_assignment_data_set_one
96,18,VAL,HB,H,1,2.01,.,1,.,.,.,.,chemical_shift_assignment_data_set_one
97,18,VAL,HG11,H,1,.97,.,2,.,.,.,.,chemical_shift_assignment_data_set_one
98,18,VAL,HG12,H,1,.97,.,2,.,.,.,.,chemical_shift_assignment_data_set_one
99,18,VAL,HG13,H,1,.97,.,2,.,.,.,.,chemical_shift_assignment_data_set_one
100,18,VAL,HG21,H,1,.99,.,2,.,.,.,.,chemical_shift_assignment_data_set_one
101,18,VAL,HG22,H,1,.99,.,2,.,.,.,.,chemical_shift_assignment_data_set_one
102,18,VAL,HG23,H,1,.99,.,2,.,.,.,.,chemical_shift_assignment_data_set_one
103,19,CYS,H,H,1,8.68,.,1,.,.,.,.,chemical_shift_assignment_data_set_one
104,19,CYS,HA,H,1,4.65,.,1,.,.,.,.,chemical_shift_assignment_data_set_one
105,19,CYS,HB2,H,1,2.26,.,1,.,.,.,.,chemical_shift_assignment_data_set_one
106,19,CYS,HB3,H,1,3.65,.,1,.,.,.,.,chemical_shift_assignment_data_set_one
107,20,ALA,H,H,1,8.1,.,1,.,.,.,.,chemical_shift_assignment_data_set_one
108,20,ALA,HA,H,1,4.06,.,1,.,.,.,.,chemical_shift_assignment_data_set_one
109,20,ALA,HB1,H,1,1.32,.,1,.,.,.,.,chemical_shift_assignment_data_set_one
110,20,ALA,HB2,H,1,1.32,.,1,.,.,.,.,chemical_shift_assignment_data_set_one
111,20,ALA,HB3,H,1,1.32,.,1,.,.,.,.,chemical_shift_assignment_data_set_one
112,21,SER,H,H,1,8.44,.,1,.,.,.,.,chemical_shift_assignment_data_set_one
113,21,SER,HA,H,1,4.2,.,1,.,.,.,.,chemical_shift_assignment_data_set_one
114,21,SER,HB2,H,1,3.86,.,1,.,.,.,.,chemical_shift_assignment_data_set_one
115,21,SER,HB3,H,1,3.86,.,1,.,.,.,.,chemical_shift_assignment_data_set_one
116,22,GLY,H,H,1,8.88,.,1,.,.,.,.,chemical_shift_assignment_data_set_one
117,22,GLY,HA2,H,1,3.62,.,1,.,.,.,.,chemical_shift_assignment_data_set_one
118,22,GLY,HA3,H,1,4.31,.,1,.,.,.,.,chemical_shift_assignment_data_set_one
119,23,THR,H,H,1,8.14,.,1,.,.,.,.,chemical_shift_assignment_data_set_one
120,23,THR,HA,H,1,4.72,.,1,.,.,.,.,chemical_shift_assignment_data_set_one
121,23,THR,HB,H,1,3.77,.,1,.,.,.,.,chemical_shift_assignment_data_set_one
122,23,THR,HG21,H,1,.48,.,1,.,.,.,.,chemical_shift_assignment_data_set_one
123,23,THR,HG22,H,1,.48,.,1,.,.,.,.,chemical_shift_assignment_data_set_one
124,23,THR,HG23,H,1,.48,.,1,.,.,.,.,chemical_shift_assignment_data_set_one
125,24,THR,H,H,1,9.36,.,1,.,.,.,.,chemical_shift_assignment_data_set_one
126,24,THR,HA,H,1,4.5,.,1,.,.,.,.,chemical_shift_assignment_data_set_one
127,24,THR,HB,H,1,4.02,.,1,.,.,.,.,chemical_shift_assignment_data_set_one
128,24,THR,HG21,H,1,1.13,.,1,.,.,.,.,chemical_shift_assignment_data_set_one
129,24,THR,HG22,H,1,1.13,.,1,.,.,.,.,chemical_shift_assignment_data_set_one
130,24,THR,HG23,H,1,1.13,.,1,.,.,.,.,chemical_shift_assignment_data_set_one
131,25,CYS,H,H,1,8.83,.,1,.,.,.,.,chemical_shift_assignment_data_set_one
132,25,CYS,HA,H,1,4.58,.,1,.,.,.,.,chemical_shift_assignment_data_set_one
133,25,CYS,HB2,H,1,3.16,.,1,.,.,.,.,chemical_shift_assignment_data_set_one
134,25,CYS,HB3,H,1,2.93,.,1,.,.,.,.,chemical_shift_assignment_data_set_one
135,26,GLN,H,H,1,9.04,.,1,.,.,.,.,chemical_shift_assignment_data_set_one
136,26,GLN,HA,H,1,4.61,.,1,.,.,.,.,chemical_shift_assignment_data_set_one
137,26,GLN,HB2,H,1,1.94,.,1,.,.,.,.,chemical_shift_assignment_data_set_one
138,26,GLN,HB3,H,1,2.07,.,1,.,.,.,.,chemical_shift_assignment_data_set_one
139,26,GLN,HG2,H,1,2.26,.,2,.,.,.,.,chemical_shift_assignment_data_set_one
140,26,GLN,HG3,H,1,2.43,.,2,.,.,.,.,chemical_shift_assignment_data_set_one
141,26,GLN,HE21,H,1,7.04,.,1,.,.,.,.,chemical_shift_assignment_data_set_one
142,26,GLN,HE22,H,1,6.74,.,1,.,.,.,.,chemical_shift_assignment_data_set_one
143,27,VAL,H,H,1,8.63,.,1,.,.,.,.,chemical_shift_assignment_data_set_one
144,27,VAL,HA,H,1,4.07,.,1,.,.,.,.,chemical_shift_assignment_data_set_one
145,27,VAL,HB,H,1,1.93,.,1,.,.,.,.,chemical_shift_assignment_data_set_one
146,27,VAL,HG11,H,1,.68,.,1,.,.,.,.,chemical_shift_assignment_data_set_one
147,27,VAL,HG12,H,1,.68,.,1,.,.,.,.,chemical_shift_assignment_data_set_one
148,27,VAL,HG13,H,1,.68,.,1,.,.,.,.,chemical_shift_assignment_data_set_one
149,27,VAL,HG21,H,1,.91,.,1,.,.,.,.,chemical_shift_assignment_data_set_one
150,27,VAL,HG22,H,1,.91,.,1,.,.,.,.,chemical_shift_assignment_data_set_one
151,27,VAL,HG23,H,1,.91,.,1,.,.,.,.,chemical_shift_assignment_data_set_one
152,28,LEU,H,H,1,8.63,.,1,.,.,.,.,chemical_shift_assignment_data_set_one
153,28,LEU,HA,H,1,4.72,.,1,.,.,.,.,chemical_shift_assignment_data_set_one
154,28,LEU,HB2,H,1,1.8,.,1,.,.,.,.,chemical_shift_assignment_data_set_one
155,28,LEU,HB3,H,1,1.91,.,1,.,.,.,.,chemical_shift_assignment_data_set_one
156,28,LEU,HG,H,1,1.8,.,1,.,.,.,.,chemical_shift_assignment_data_set_one
157,28,LEU,HD11,H,1,.93,.,2,.,.,.,.,chemical_shift_assignment_data_set_one
158,28,LEU,HD12,H,1,.93,.,2,.,.,.,.,chemical_shift_assignment_data_set_one
159,28,LEU,HD13,H,1,.93,.,2,.,.,.,.,chemical_shift_assignment_data_set_one
160,28,LEU,HD21,H,1,1.03,.,2,.,.,.,.,chemical_shift_assignment_data_set_one
161,28,LEU,HD22,H,1,1.03,.,2,.,.,.,.,chemical_shift_assignment_data_set_one
162,28,LEU,HD23,H,1,1.03,.,2,.,.,.,.,chemical_shift_assignment_data_set_one
163,29,ASN,H,H,1,8.62,.,1,.,.,.,.,chemical_shift_assignment_data_set_one
164,29,ASN,HA,H,1,4.9,.,1,.,.,.,.,chemical_shift_assignment_data_set_one
165,29,ASN,HB2,H,1,3.22,.,1,.,.,.,.,chemical_shift_assignment_data_set_one
166,29,ASN,HB3,H,1,3.22,.,1,.,.,.,.,chemical_shift_assignment_data_set_one
167,29,ASN,HD21,H,1,7.85,.,1,.,.,.,.,chemical_shift_assignment_data_set_one
168,29,ASN,HD22,H,1,7.01,.,1,.,.,.,.,chemical_shift_assignment_data_set_one
169,30,PRO,HA,H,1,4.2,.,1,.,.,.,.,chemical_shift_assignment_data_set_one
170,30,PRO,HB2,H,1,1.22,.,1,.,.,.,.,chemical_shift_assignment_data_set_one
171,30,PRO,HB3,H,1,2.24,.,1,.,.,.,.,chemical_shift_assignment_data_set_one
172,30,PRO,HG2,H,1,1.9,.,2,.,.,.,.,chemical_shift_assignment_data_set_one
173,30,PRO,HG3,H,1,2.09,.,2,.,.,.,.,chemical_shift_assignment_data_set_one
174,30,PRO,HD2,H,1,3.69,.,2,.,.,.,.,chemical_shift_assignment_data_set_one
175,30,PRO,HD3,H,1,3.92,.,2,.,.,.,.,chemical_shift_assignment_data_set_one
176,31,TYR,H,H,1,8.65,.,1,.,.,.,.,chemical_shift_assignment_data_set_one
177,31,TYR,HA,H,1,4.39,.,1,.,.,.,.,chemical_shift_assignment_data_set_one
178,31,TYR,HB2,H,1,2.87,.,1,.,.,.,.,chemical_shift_assignment_data_set_one
179,31,TYR,HB3,H,1,3.37,.,1,.,.,.,.,chemical_shift_assignment_data_set_one
180,31,TYR,HD1,H,1,7.03,.,1,.,.,.,.,chemical_shift_assignment_data_set_one
181,31,TYR,HD2,H,1,7.03,.,1,.,.,.,.,chemical_shift_assignment_data_set_one
182,31,TYR,HE1,H,1,6.72,.,1,.,.,.,.,chemical_shift_assignment_data_set_one
183,31,TYR,HE2,H,1,6.72,.,1,.,.,.,.,chemical_shift_assignment_data_set_one
184,32,TYR,H,H,1,7.92,.,1,.,.,.,.,chemical_shift_assignment_data_set_one
185,32,TYR,HA,H,1,4.58,.,1,.,.,.,.,chemical_shift_assignment_data_set_one
186,32,TYR,HB2,H,1,2.81,.,1,.,.,.,.,chemical_shift_assignment_data_set_one
187,32,TYR,HB3,H,1,2.67,.,1,.,.,.,.,chemical_shift_assignment_data_set_one
188,32,TYR,HD1,H,1,6.85,.,1,.,.,.,.,chemical_shift_assignment_data_set_one
189,32,TYR,HD2,H,1,6.85,.,1,.,.,.,.,chemical_shift_assignment_data_set_one
190,32,TYR,HE1,H,1,6.49,.,1,.,.,.,.,chemical_shift_assignment_data_set_one
191,32,TYR,HE2,H,1,6.49,.,1,.,.,.,.,chemical_shift_assignment_data_set_one
192,33,SER,H,H,1,6.7,.,1,.,.,.,.,chemical_shift_assignment_data_set_one
193,33,SER,HA,H,1,5.19,.,1,.,.,.,.,chemical_shift_assignment_data_set_one
194,33,SER,HB2,H,1,2.83,.,1,.,.,.,.,chemical_shift_assignment_data_set_one
195,33,SER,HB3,H,1,3.54,.,1,.,.,.,.,chemical_shift_assignment_data_set_one
196,34,GLN,H,H,1,9.07,.,1,.,.,.,.,chemical_shift_assignment_data_set_one
197,34,GLN,HA,H,1,4.81,.,1,.,.,.,.,chemical_shift_assignment_data_set_one
198,34,GLN,HB2,H,1,1.61,.,1,.,.,.,.,chemical_shift_assignment_data_set_one
199,34,GLN,HB3,H,1,1.88,.,1,.,.,.,.,chemical_shift_assignment_data_set_one
200,34,GLN,HG2,H,1,2.05,.,2,.,.,.,.,chemical_shift_assignment_data_set_one
201,34,GLN,HG3,H,1,2.13,.,2,.,.,.,.,chemical_shift_assignment_data_set_one
202,34,GLN,HE21,H,1,7.68,.,1,.,.,.,.,chemical_shift_assignment_data_set_one
203,34,GLN,HE22,H,1,6.66,.,1,.,.,.,.,chemical_shift_assignment_data_set_one
204,35,CYS,H,H,1,8.52,.,1,.,.,.,.,chemical_shift_assignment_data_set_one
205,35,CYS,HA,H,1,5.05,.,1,.,.,.,.,chemical_shift_assignment_data_set_one
206,35,CYS,HB2,H,1,2.89,.,1,.,.,.,.,chemical_shift_assignment_data_set_one
207,35,CYS,HB3,H,1,3.03,.,1,.,.,.,.,chemical_shift_assignment_data_set_one
208,36,LEU,H,H,1,9.08,.,1,.,.,.,.,chemical_shift_assignment_data_set_one
209,36,LEU,HA,H,1,4.49,.,1,.,.,.,.,chemical_shift_assignment_data_set_one
210,36,LEU,HB2,H,1,1.56,.,1,.,.,.,.,chemical_shift_assignment_data_set_one
211,36,LEU,HB3,H,1,1.6,.,1,.,.,.,.,chemical_shift_assignment_data_set_one
212,36,LEU,HG,H,1,1.36,.,1,.,.,.,.,chemical_shift_assignment_data_set_one
213,36,LEU,HD11,H,1,.94,.,2,.,.,.,.,chemical_shift_assignment_data_set_one
214,36,LEU,HD12,H,1,.94,.,2,.,.,.,.,chemical_shift_assignment_data_set_one
215,36,LEU,HD13,H,1,.94,.,2,.,.,.,.,chemical_shift_assignment_data_set_one
216,36,LEU,HD21,H,1,.99,.,2,.,.,.,.,chemical_shift_assignment_data_set_one
217,36,LEU,HD22,H,1,.99,.,2,.,.,.,.,chemical_shift_assignment_data_set_one
218,36,LEU,HD23,H,1,.99,.,2,.,.,.,.,chemical_shift_assignment_data_set_one
